CO,NO2,O3,PM10,PM2.5,SO2,ISPU,ISPU_Kategori
0.28,12.98,8.15,4.3,6.29,23.7,23,Baik
0.28,14.61,8.32,0.48,7.06,23.4,23,Baik
0.28,18.19,10.25,2.98,9.8,22.0,32,Baik
0.28,12.85,8.0,9.9,7.57,21.8,24,Baik
0.28,14.75,8.0,7.79,6.03,21.08,20,Baik
0.28,16.92,8.25,12.31,9.85,22.15,32,Baik
0.28,11.24,7.9,5.57,4.38,21.72,21,Baik
0.28,11.94,7.88,6.71,5.31,21.72,21,Baik
0.28,11.91,7.82,12.92,11.03,23.15,36,Baik
0.28,10.73,7.88,14.9,12.82,23.91,41,Baik
0.28,9.69,7.9,12.72,10.71,23.97,35,Baik
0.28,9.77,7.85,25.48,22.2,26.07,58,Sedang
0.3,11.38,7.69,32.22,28.08,27.78,66,Sedang
0.28,9.52,7.66,17.39,15.94,25.64,51,Sedang
0.28,9.53,7.68,23.24,22.26,25.11,58,Sedang
0.3,9.55,7.69,25.85,21.12,27.6,57,Sedang
0.28,10.35,8.83,24.04,19.78,26.97,55,Sedang
0.28,9.52,7.66,26.13,21.68,25.11,58,Sedang
0.28,9.52,7.68,29.4,26.73,24.9,64,Sedang
0.3,9.53,7.7,30.05,24.22,26.53,61,Sedang
0.28,9.55,7.7,17.98,16.23,25.55,51,Sedang
0.28,9.53,7.66,18.26,15.82,24.88,50,Baik
0.28,9.53,7.66,31.15,28.8,25.05,67,Sedang
0.28,9.52,7.65,24.54,21.17,25.94,57,Sedang
0.28,9.52,7.65,12.38,10.96,24.55,35,Baik
0.28,9.53,7.67,14.51,12.78,25.05,41,Baik
0.28,9.53,7.68,12.87,12.0,24.3,39,Baik
0.32,9.53,7.7,31.2,27.79,26.65,65,Sedang
0.28,9.53,7.65,21.52,19.29,24.98,55,Sedang
0.32,9.53,7.67,23.64,19.96,25.84,56,Sedang
0.3,9.52,7.66,36.56,30.74,25.84,69,Sedang
0.28,9.5,7.7,9.19,7.91,23.77,26,Baik
0.28,9.52,7.68,15.33,15.93,22.81,51,Sedang
0.28,9.51,7.7,16.14,16.05,24.26,51,Sedang
0.28,9.52,7.68,11.76,10.78,25.1,35,Baik
0.28,9.52,7.69,8.97,8.41,24.26,27,Baik
0.28,9.52,7.66,19.54,18.35,24.76,54,Sedang
0.28,9.51,7.68,16.5,13.86,24.61,45,Baik
0.28,9.51,7.71,16.16,13.59,23.53,44,Baik
0.28,9.53,7.66,14.84,12.95,23.46,42,Baik
0.31,9.52,7.65,26.2,21.97,26.16,58,Sedang
0.05,9.63,7.75,12.92,12.95,38.19,42,Baik
0.28,25.49,8.67,12.35,7.57,20.88,24,Baik
0.49,24.21,23.98,19.37,14.79,35.74,48,Baik
0.32,38.78,33.53,26.03,19.45,47.38,55,Sedang
0.32,35.11,20.27,27.22,19.14,47.38,55,Sedang
0.48,33.97,16.98,24.65,16.67,41.62,51,Sedang
0.48,23.76,11.63,18.04,12.55,41.64,40,Baik
0.05,21.0,11.0,24.99,17.77,38.19,53,Sedang
0.48,21.0,13.54,24.94,17.32,40.15,52,Sedang
0.48,24.0,19.0,28.74,20.47,39.72,56,Sedang
0.48,24.21,17.7,29.42,20.07,39.11,56,Sedang
0.48,28.71,5.16,24.36,15.89,39.36,50,Baik
0.05,29.0,4.0,24.71,15.75,38.19,50,Baik
0.05,29.0,4.0,23.95,13.57,38.19,44,Baik
0.05,29.0,4.0,17.51,8.89,38.19,37,Baik
0.05,29.0,4.0,19.77,9.63,38.19,37,Baik
0.48,27.75,4.61,20.62,10.74,39.95,38,Baik
0.48,8.07,13.13,23.42,13.04,39.95,42,Baik
0.48,3.0,15.0,30.02,16.27,38.19,51,Sedang
0.48,3.0,15.0,29.62,16.32,38.19,51,Sedang
0.48,3.0,15.0,28.71,15.53,38.19,50,Baik
0.05,3.0,15.0,23.54,13.2,38.19,43,Baik
0.48,4.0,14.49,27.25,15.66,42.85,50,Baik
0.48,12.88,6.8,30.61,16.64,42.36,51,Sedang
0.48,22.6,2.84,27.21,15.06,41.02,49,Baik
0.49,24.0,2.0,28.67,16.91,38.19,52,Sedang
0.08,26.12,20.42,26.57,16.34,40.4,51,Sedang
0.08,25.45,17.3,25.57,15.26,40.56,49,Baik
0.1,24.0,14.21,33.97,21.25,41.62,57,Sedang
0.09,21.22,11.12,29.39,17.91,43.11,53,Sedang
0.05,21.93,10.92,18.38,11.01,41.51,40,Baik
0.06,20.8,10.45,20.49,12.26,42.41,41,Baik
0.06,27.36,11.54,18.16,10.56,41.05,39,Baik
0.05,22.48,10.07,13.43,7.94,41.69,40,Baik
0.06,21.38,8.82,17.6,9.41,42.01,40,Baik
0.06,18.2,10.08,22.37,12.7,42.32,41,Baik
0.07,21.19,10.88,27.02,15.51,41.7,50,Baik
0.09,18.01,8.73,32.6,17.77,42.71,53,Sedang
0.07,14.23,7.89,24.98,13.1,42.8,42,Baik
0.08,15.61,7.72,21.74,11.14,44.39,43,Baik
0.08,15.72,7.77,22.86,11.73,43.67,42,Baik
0.05,16.42,7.93,16.7,8.27,42.02,40,Baik
0.06,13.91,7.86,12.17,6.27,41.91,40,Baik
0.08,15.65,7.82,27.16,15.06,42.68,49,Baik
0.05,15.63,8.43,22.34,12.56,42.08,41,Baik
0.09,16.73,8.02,28.39,15.26,42.75,49,Baik
0.06,14.13,7.88,19.95,10.86,42.11,40,Baik
0.05,14.73,7.89,19.63,10.36,41.45,40,Baik
0.07,15.86,8.19,27.33,15.47,41.8,50,Baik
0.07,15.09,8.35,22.59,12.45,41.94,40,Baik
0.06,14.83,7.92,21.63,12.02,41.42,40,Baik
0.07,15.16,7.95,22.56,12.77,41.16,41,Baik
0.11,14.05,7.82,32.31,17.39,43.5,52,Sedang
0.08,13.06,7.77,27.76,14.75,42.54,48,Baik
0.07,12.9,7.76,26.83,14.13,42.21,46,Baik
0.05,14.0,7.81,22.97,11.94,41.58,40,Baik
0.04,11.84,8.3,20.66,10.78,41.55,40,Baik
0.05,11.36,7.77,21.87,11.68,41.58,40,Baik
0.07,11.0,7.75,26.41,13.95,42.21,45,Baik
0.07,12.65,9.25,28.15,17.54,41.73,53,Sedang
0.07,10.29,7.8,29.38,21.14,40.61,57,Sedang
0.06,9.76,7.76,24.28,17.39,40.61,52,Sedang
0.07,10.46,7.76,28.32,21.07,40.44,57,Sedang
0.06,9.91,7.76,26.48,19.47,40.72,55,Sedang
0.06,10.0,7.77,26.23,19.42,40.31,55,Sedang
0.05,9.64,7.73,20.41,14.32,40.33,46,Baik
0.03,9.67,7.72,14.15,9.84,40.15,39,Baik
0.03,10.06,7.72,11.51,7.89,39.52,38,Baik
0.03,9.84,7.77,14.51,10.46,39.58,38,Baik
0.05,9.75,7.76,17.86,12.7,40.29,41,Baik
0.05,10.0,7.7,23.08,16.8,40.27,52,Sedang
0.05,10.77,7.72,16.67,12.15,40.14,39,Baik
0.06,10.86,7.76,18.27,18.05,40.09,53,Sedang
0.04,11.85,7.77,14.81,14.17,39.45,46,Baik
0.06,10.0,7.78,16.7,15.13,40.14,49,Baik
0.03,10.09,7.77,12.92,11.78,39.67,38,Baik
0.04,11.09,7.75,15.74,13.95,39.59,45,Baik
0.04,10.28,7.76,13.71,11.92,39.9,38,Baik
0.05,11.41,7.76,16.8,14.84,39.52,48,Baik
0.06,11.46,7.75,18.5,15.61,39.85,50,Baik
0.06,12.11,7.76,17.91,15.67,39.9,50,Baik
0.04,11.9,7.84,15.13,13.31,39.54,43,Baik
0.05,11.21,7.74,15.89,13.86,39.35,45,Baik
0.06,10.36,7.77,20.05,17.11,39.96,52,Sedang
0.05,11.18,7.76,15.91,13.65,39.74,44,Baik
0.05,12.07,7.97,14.73,12.98,39.36,42,Baik
0.06,11.26,7.76,16.0,13.96,39.94,45,Baik
0.06,11.28,7.76,18.78,16.35,39.99,51,Sedang
0.07,14.44,8.36,22.4,19.39,40.65,55,Sedang
0.07,14.39,8.05,19.02,16.62,40.54,51,Sedang
0.04,11.15,7.77,14.39,12.64,40.42,41,Baik
0.03,10.36,7.76,10.76,9.69,40.09,39,Baik
0.03,11.12,7.76,11.14,10.25,40.13,39,Baik
0.04,11.38,7.75,12.74,12.07,39.84,39,Baik
0.05,11.42,7.76,16.8,14.75,40.22,48,Baik
0.06,11.43,7.75,16.57,14.96,40.88,48,Baik
0.03,11.37,7.76,11.65,10.56,39.89,38,Baik
0.04,10.98,7.75,13.77,13.05,40.09,42,Baik
0.05,9.9,7.77,16.95,15.61,40.31,50,Baik
0.04,10.15,7.79,15.15,14.14,40.34,46,Baik
0.04,9.63,7.75,13.12,12.2,40.57,39,Baik
0.05,10.51,7.75,11.4,10.59,40.77,39,Baik
0.05,9.73,7.75,13.41,12.38,40.92,40,Baik
0.04,9.69,7.76,11.86,11.28,40.86,39,Baik
0.05,9.69,7.75,14.07,13.18,40.64,43,Baik
0.03,9.67,7.75,12.68,12.07,40.77,39,Baik
0.04,10.25,7.76,12.82,12.61,40.5,41,Baik
0.05,11.49,7.91,18.55,18.44,40.86,54,Sedang
0.09,10.49,7.75,22.59,21.35,41.76,57,Sedang
0.03,10.22,7.76,11.65,10.61,40.4,39,Baik
0.05,10.23,7.76,14.4,13.25,40.45,43,Baik
0.05,10.4,7.74,12.51,11.01,40.26,39,Baik
0.04,10.44,7.75,11.97,10.4,40.13,39,Baik
0.02,9.75,7.76,12.95,11.52,40.15,39,Baik
0.05,9.96,7.75,14.04,12.01,40.36,39,Baik
0.08,31.18,38.33,20.67,14.75,34.84,48,Baik
0.07,29.04,36.5,21.46,15.26,33.54,49,Baik
0.07,28.13,29.3,19.67,14.18,34.29,46,Baik
0.06,25.7,21.05,19.79,14.42,35.79,47,Baik
0.04,19.64,17.03,15.62,11.18,36.46,36,Baik
0.03,22.27,14.0,14.28,10.13,36.39,35,Baik
0.12,29.88,16.78,39.58,28.91,38.04,67,Sedang
0.08,28.42,16.22,42.81,33.67,37.31,73,Sedang
0.08,17.98,8.93,39.17,30.86,38.89,69,Sedang
0.06,13.76,7.87,26.16,20.09,39.64,56,Sedang
0.06,13.09,7.75,24.03,17.63,40.25,53,Sedang
0.04,12.36,8.76,17.27,12.86,40.19,41,Baik
0.05,10.68,7.76,17.79,12.65,39.84,41,Baik
0.05,11.11,7.77,18.45,13.36,39.68,43,Baik
0.05,12.63,7.76,16.73,11.91,39.85,38,Baik
0.06,11.21,7.76,19.63,13.64,40.4,44,Baik
0.06,10.1,7.8,20.26,14.16,40.25,46,Baik
0.06,10.73,7.96,22.7,16.48,40.46,51,Sedang
0.06,10.06,7.75,20.37,14.12,40.42,46,Baik
0.05,10.66,7.75,19.19,13.04,40.11,42,Baik
0.03,10.28,7.76,14.06,9.74,39.56,38,Baik
0.04,10.16,7.75,15.45,10.76,39.71,38,Baik
0.05,11.58,7.75,19.55,13.75,40.02,44,Baik
0.05,11.4,7.76,16.91,11.75,40.04,39,Baik
0.06,10.84,7.75,19.73,13.5,41.41,44,Baik
0.05,9.69,7.82,19.7,13.95,41.24,45,Baik
0.05,12.43,8.11,19.51,13.49,39.86,44,Baik
0.06,15.29,9.07,18.92,13.06,39.77,42,Baik
0.05,14.47,8.26,21.5,15.29,39.45,49,Baik
0.06,12.71,7.75,23.65,16.69,39.82,51,Sedang
0.04,10.65,10.79,18.2,13.17,39.22,42,Baik
0.04,20.48,19.07,15.62,11.71,34.9,38,Baik
0.07,25.12,25.95,26.42,19.12,34.72,55,Sedang
0.08,28.5,19.67,23.21,16.61,35.34,51,Sedang
0.04,21.52,18.1,16.69,12.05,35.47,39,Baik
0.06,21.42,15.7,23.17,17.5,35.97,53,Sedang
0.06,21.91,17.76,19.98,14.77,36.14,48,Baik
0.04,20.9,15.71,20.25,15.02,36.43,48,Baik
0.04,19.45,15.46,17.35,12.05,36.35,39,Baik
0.05,20.18,26.33,17.86,12.59,33.97,41,Baik
0.05,24.15,23.11,18.94,13.33,34.58,43,Baik
0.07,28.05,22.3,19.68,13.94,35.39,45,Baik
0.12,30.12,13.94,29.15,20.16,37.25,56,Sedang
0.1,28.44,12.17,27.02,18.48,37.15,54,Sedang
0.1,25.51,10.34,23.11,15.65,37.65,50,Baik
0.06,19.23,12.19,14.58,10.61,36.67,35,Baik
0.1,22.38,15.51,33.01,23.32,37.53,60,Sedang
0.06,27.71,22.99,20.91,15.57,35.52,50,Baik
0.07,24.31,21.3,22.49,16.07,36.03,51,Sedang
0.08,27.9,19.76,27.72,20.73,36.18,57,Sedang
0.1,23.03,12.18,30.79,21.51,37.36,58,Sedang
0.05,17.64,9.83,17.64,12.73,36.95,41,Baik
0.09,18.62,9.59,31.63,23.65,38.28,60,Sedang
0.06,16.86,8.68,31.27,23.62,38.22,60,Sedang
0.1,20.29,8.36,36.57,24.26,40.11,61,Sedang
0.08,16.98,11.58,51.23,34.92,39.42,74,Sedang
0.05,20.38,9.8,32.61,21.97,38.19,58,Sedang
0.05,14.64,7.92,20.57,14.02,38.82,45,Baik
0.04,13.33,7.86,17.0,11.66,38.82,38,Baik
0.05,15.83,8.91,15.11,10.39,39.39,38,Baik
0.05,14.5,8.63,16.63,11.8,38.61,38,Baik
0.05,10.15,7.85,18.45,13.34,39.7,43,Baik
0.04,9.69,7.75,18.63,13.22,39.39,43,Baik
0.03,9.64,7.75,17.41,13.58,38.92,44,Baik
0.05,9.68,7.76,28.3,21.73,39.08,58,Sedang
0.08,9.74,7.75,49.63,36.54,39.94,76,Sedang
0.03,9.68,7.75,31.48,24.94,38.89,62,Sedang
0.05,11.29,7.74,50.23,37.36,38.52,77,Sedang
0.05,10.71,7.74,41.88,33.15,38.11,72,Sedang
0.02,9.8,7.76,12.31,8.44,38.13,37,Baik
0.03,9.63,7.74,8.5,5.95,38.19,37,Baik
0.04,9.65,7.74,9.85,6.63,38.81,37,Baik
0.04,9.93,7.75,9.17,6.54,38.39,37,Baik
0.05,9.88,7.75,13.52,9.02,38.47,37,Baik
0.04,10.68,7.85,14.7,9.33,38.0,37,Baik
0.04,10.99,7.79,15.3,10.11,37.88,36,Baik
0.03,10.54,7.76,13.48,8.86,37.72,36,Baik
0.03,10.89,7.77,7.44,4.41,37.24,36,Baik
0.03,10.37,7.75,7.48,4.8,37.47,36,Baik
0.04,10.02,7.75,13.93,8.97,38.11,37,Baik
0.03,12.11,7.98,8.66,5.6,37.21,36,Baik
0.05,12.63,8.23,10.26,6.65,37.19,36,Baik
0.04,11.98,7.77,7.5,4.72,37.86,36,Baik
0.05,10.85,7.96,12.44,8.32,38.2,37,Baik
0.13,10.48,7.75,15.59,9.89,40.76,39,Baik
0.06,13.64,7.76,10.27,6.24,38.02,37,Baik
0.05,10.26,7.75,9.52,6.4,38.33,37,Baik
0.04,11.87,7.77,8.56,5.67,37.43,36,Baik
0.08,13.74,7.75,14.51,9.09,38.38,37,Baik
0.05,10.95,7.76,11.58,7.33,38.25,37,Baik
0.06,13.47,7.76,14.41,9.02,38.52,37,Baik
0.02,12.2,7.75,10.32,6.61,37.67,36,Baik
0.03,11.68,7.75,12.95,8.6,38.03,37,Baik
0.03,10.46,7.75,13.82,8.98,38.56,37,Baik
0.06,10.82,7.77,13.82,8.85,38.71,37,Baik
0.03,10.18,7.76,8.88,5.68,38.42,37,Baik
0.03,10.02,7.76,12.08,8.69,38.19,37,Baik
0.03,10.5,7.85,9.0,6.14,38.17,37,Baik
0.05,13.81,7.83,8.16,5.7,38.07,37,Baik
0.05,13.57,7.9,10.47,7.22,38.22,37,Baik
0.03,10.37,7.75,8.94,5.9,38.28,37,Baik
0.04,11.09,7.91,10.55,7.14,38.4,37,Baik
0.02,10.66,7.77,8.33,5.78,37.75,36,Baik
0.04,10.39,7.75,12.13,8.05,38.19,37,Baik
0.07,10.18,7.93,20.38,13.02,38.85,42,Baik
0.03,10.39,7.94,12.97,8.43,38.46,37,Baik
0.03,12.6,8.9,9.85,6.19,38.49,37,Baik
0.03,15.2,22.76,8.49,9.11,33.9,33,Baik
0.03,15.02,22.52,7.18,7.9,33.61,32,Baik
0.05,20.72,22.79,10.88,9.97,32.86,32,Baik
0.05,22.49,14.83,6.93,6.72,34.35,33,Baik
0.04,20.84,12.48,7.32,6.95,35.02,34,Baik
0.05,18.12,14.56,6.33,7.1,35.99,35,Baik
0.08,18.3,13.45,19.52,16.29,37.0,51,Sedang
0.04,14.63,12.9,8.98,8.19,36.36,35,Baik
0.04,18.7,14.9,7.91,7.85,35.02,34,Baik
0.04,19.6,11.24,8.05,7.9,35.14,34,Baik
0.06,18.82,9.41,7.47,7.5,36.44,35,Baik
0.07,14.39,10.71,10.93,9.44,37.61,36,Baik
0.04,14.79,9.51,4.51,5.23,36.44,35,Baik
0.03,14.45,9.57,3.3,4.05,36.25,35,Baik
0.06,18.42,12.31,6.44,6.52,36.13,35,Baik
0.07,16.73,9.74,14.98,12.55,36.86,40,Baik
0.1,18.3,14.45,24.74,20.72,37.84,57,Sedang
0.05,14.48,10.3,14.67,11.6,37.64,37,Baik
0.02,12.8,9.32,8.51,7.45,37.72,36,Baik
0.03,11.13,7.81,5.95,5.26,37.82,36,Baik
0.03,11.68,8.66,5.46,4.88,37.47,36,Baik
0.03,11.46,7.86,9.61,6.92,37.65,36,Baik
0.03,12.84,7.91,4.22,3.51,37.11,36,Baik
0.04,13.04,9.38,10.88,7.48,37.32,36,Baik
0.04,15.6,9.25,12.56,8.27,36.9,35,Baik
0.04,12.97,7.76,13.58,9.27,37.45,36,Baik
0.04,11.22,9.01,12.78,9.27,37.52,36,Baik
0.03,11.5,7.81,12.18,9.13,36.9,35,Baik
0.02,11.99,7.78,8.36,6.49,36.72,35,Baik
0.02,12.26,7.96,8.05,6.29,36.92,36,Baik
0.02,11.96,9.46,7.89,6.81,37.31,36,Baik
0.05,13.36,9.71,12.34,9.49,37.21,36,Baik
0.04,11.64,8.01,11.68,9.32,37.1,36,Baik
0.04,12.77,7.76,11.72,9.22,37.15,36,Baik
0.05,14.1,8.49,14.45,11.0,37.26,36,Baik
0.06,14.41,8.1,19.45,14.37,37.78,46,Baik
0.06,12.54,7.74,16.02,12.95,38.47,42,Baik
0.04,10.85,7.75,9.83,8.32,38.15,37,Baik
0.03,11.03,7.75,9.94,8.89,37.59,36,Baik
0.03,9.94,7.75,7.92,7.35,37.86,36,Baik
0.04,10.54,7.75,12.05,10.36,38.11,37,Baik
0.05,10.97,7.75,14.68,12.62,38.14,41,Baik
0.05,11.75,7.76,13.49,12.15,38.04,39,Baik
0.05,10.88,7.75,16.01,14.21,38.53,46,Baik
0.06,10.81,7.76,14.41,12.37,38.7,40,Baik
0.05,9.99,7.76,17.75,15.07,38.72,49,Baik
0.14,9.99,7.74,20.97,16.44,41.27,51,Sedang
0.02,9.94,7.75,6.42,6.21,39.43,38,Baik
0.03,11.09,8.53,6.44,6.32,39.52,38,Baik
0.04,13.94,9.99,15.72,14.1,38.18,45,Baik
0.07,14.82,22.86,18.77,17.6,35.21,53,Sedang
0.07,22.0,22.02,21.33,18.3,35.06,54,Sedang
0.09,25.85,24.24,35.9,31.66,35.03,70,Sedang
0.11,19.28,16.95,34.99,30.07,37.72,68,Sedang
0.05,19.89,9.25,8.94,8.86,37.84,36,Baik
0.05,16.02,9.19,18.66,16.95,38.65,52,Sedang
0.08,15.4,7.98,19.89,13.91,40.53,45,Baik
0.03,13.5,7.97,12.96,9.73,39.77,38,Baik
0.03,9.77,7.75,14.05,10.91,38.42,37,Baik
0.05,10.81,7.74,18.05,12.48,38.54,40,Baik
0.03,14.96,8.07,8.36,7.12,37.07,36,Baik
0.08,16.61,7.77,9.02,6.71,37.74,36,Baik
0.11,13.6,7.75,20.7,14.05,39.56,45,Baik
0.13,15.06,7.75,28.37,18.68,41.52,54,Sedang
0.11,14.91,7.74,23.0,16.88,40.51,52,Sedang
0.09,15.8,7.84,24.96,18.34,39.15,54,Sedang
0.09,14.2,7.76,34.65,25.13,39.59,62,Sedang
0.01,10.57,7.75,3.91,4.28,38.04,37,Baik
0.03,12.16,7.77,5.22,5.28,37.97,37,Baik
0.02,11.66,7.75,7.04,6.24,38.18,37,Baik
0.05,11.54,7.75,12.92,10.59,39.17,38,Baik
0.05,12.14,7.75,10.53,8.82,38.86,37,Baik
0.04,12.35,7.75,12.7,11.67,38.52,38,Baik
0.06,13.32,7.77,9.51,9.78,38.08,37,Baik
0.05,11.27,7.76,10.7,10.91,37.97,37,Baik
0.03,11.57,7.75,5.44,7.42,37.54,36,Baik
0.05,9.91,7.76,9.26,11.68,38.97,38,Baik
0.05,9.63,7.74,14.65,16.01,39.5,51,Sedang
0.02,9.61,7.74,4.47,6.01,39.02,38,Baik
0.06,10.55,7.75,8.36,10.09,39.79,38,Baik
0.06,9.61,7.75,12.38,14.61,40.09,47,Baik
0.03,9.64,7.75,6.54,8.69,39.21,38,Baik
0.03,10.32,7.76,10.61,14.02,39.18,45,Baik
0.02,9.63,7.77,7.46,9.49,38.95,37,Baik
0.04,9.81,7.76,12.09,15.73,39.18,50,Baik
0.04,10.76,7.75,11.36,12.48,39.15,40,Baik
0.12,10.14,7.76,14.11,14.61,40.75,47,Baik
0.08,11.74,8.21,18.85,20.13,40.54,56,Sedang
0.06,12.15,7.74,13.81,16.17,39.83,51,Sedang
0.07,12.04,7.73,19.08,20.51,39.93,56,Sedang
0.07,9.81,7.75,23.81,24.15,40.4,61,Sedang
0.07,10.49,7.75,27.38,27.08,40.25,65,Sedang
0.16,12.93,7.74,22.37,22.34,42.38,59,Sedang
0.14,9.73,7.75,18.27,18.3,42.71,54,Sedang
0.08,9.66,7.73,19.71,19.64,40.77,55,Sedang
0.11,12.72,7.8,24.33,21.56,39.79,58,Sedang
0.14,14.61,7.76,36.09,32.32,39.74,71,Sedang
0.07,13.68,7.74,19.22,19.5,39.59,55,Sedang
0.04,11.62,7.77,10.03,10.85,38.86,37,Baik
0.04,11.19,7.74,13.62,15.29,38.04,49,Baik
0.09,12.12,7.76,19.84,20.74,38.57,57,Sedang
0.08,10.74,7.76,10.83,11.75,40.02,38,Baik
0.04,11.26,7.76,13.23,15.42,39.86,50,Baik
0.08,11.0,7.75,13.46,15.01,41.12,48,Baik
0.05,11.29,7.83,16.91,18.73,40.25,54,Sedang
0.07,19.55,23.75,20.39,21.19,36.61,57,Sedang
0.05,29.56,35.03,19.91,19.22,30.42,55,Sedang
0.05,22.71,26.04,19.38,16.89,33.15,52,Sedang
0.03,23.75,26.72,13.24,12.5,33.09,40,Baik
0.04,24.11,25.76,16.91,15.15,33.85,49,Baik
0.05,23.37,22.91,17.85,15.62,33.52,50,Baik
0.1,23.79,21.03,29.15,24.21,33.84,61,Sedang
0.05,20.97,8.65,12.33,10.64,34.78,34,Baik
0.07,21.55,8.26,12.44,11.31,36.47,36,Baik
0.05,16.93,7.75,14.53,12.91,36.51,42,Baik
0.11,16.92,7.81,21.49,18.02,37.99,53,Sedang
0.18,17.63,7.8,43.6,34.04,40.11,73,Sedang
0.07,11.9,7.76,30.89,25.28,38.34,62,Sedang
0.08,11.57,7.75,27.98,23.91,38.54,61,Sedang
0.11,9.63,7.74,23.1,18.37,39.88,54,Sedang
0.08,10.89,7.79,20.49,16.43,39.47,51,Sedang
0.07,9.64,7.73,23.35,19.42,38.72,55,Sedang
0.03,9.61,7.75,10.89,10.03,37.96,37,Baik
0.1,9.78,7.73,18.48,14.45,39.47,47,Baik
0.12,9.61,7.73,24.07,18.94,40.28,54,Sedang
0.04,9.61,7.75,11.13,9.88,38.42,37,Baik
0.08,9.6,7.75,12.69,11.7,39.17,38,Baik
0.04,9.64,7.74,15.22,13.05,38.34,42,Baik
0.04,9.64,7.74,10.46,9.64,38.19,37,Baik
0.08,9.61,7.76,19.42,16.62,38.74,51,Sedang
0.05,9.66,7.76,19.44,17.2,38.29,52,Sedang
0.05,9.67,7.75,19.48,16.79,38.19,52,Sedang
0.08,9.75,7.76,28.15,23.85,38.54,60,Sedang
0.08,9.8,7.74,25.24,19.38,38.71,55,Sedang
0.13,9.63,7.76,10.42,8.99,40.65,39,Baik
0.06,9.61,7.77,10.59,9.53,38.65,37,Baik
0.12,9.68,7.78,14.17,12.1,40.5,39,Baik
0.14,9.64,7.76,19.3,16.02,40.72,51,Sedang
0.13,9.63,7.75,34.64,27.55,40.0,65,Sedang
0.08,9.61,7.75,29.82,24.82,39.28,62,Sedang
0.05,9.64,7.76,26.15,22.89,38.7,59,Sedang
0.08,9.61,7.75,31.77,27.45,38.72,65,Sedang
0.04,9.61,7.75,17.43,14.6,38.1,47,Baik
0.05,9.63,7.75,17.35,15.14,38.08,49,Baik
0.11,9.64,7.73,35.21,29.79,38.9,68,Sedang
0.09,9.63,7.73,24.63,20.2,38.75,56,Sedang
0.09,9.61,7.74,28.44,23.47,39.01,60,Sedang
0.03,9.61,7.76,14.41,12.31,38.25,40,Baik
0.04,9.63,7.75,18.25,16.39,37.92,51,Sedang
0.04,9.64,7.74,19.18,16.52,37.88,51,Sedang
0.03,9.63,7.76,13.93,12.46,37.56,40,Baik
0.18,9.63,7.76,38.4,30.17,40.11,68,Sedang
0.04,9.63,7.76,11.37,10.7,38.14,37,Baik
0.05,9.63,7.74,17.73,16.39,38.19,51,Sedang
0.08,9.61,7.74,25.47,21.34,38.33,57,Sedang
0.12,9.69,7.76,27.49,22.76,39.33,59,Sedang
0.03,14.82,10.02,6.76,7.07,36.67,35,Baik
0.07,29.15,20.18,13.64,11.89,32.36,38,Baik
0.05,30.11,30.96,15.55,11.3,30.29,36,Baik
0.05,26.53,34.42,16.77,13.19,30.41,43,Baik
0.09,26.58,31.86,22.27,16.93,32.21,52,Sedang
0.15,49.43,39.89,42.27,31.82,28.27,70,Sedang
0.22,47.74,13.5,70.63,52.17,30.3,96,Sedang
0.14,40.26,7.93,49.01,36.64,32.46,76,Sedang
0.08,33.96,9.22,27.61,21.16,32.03,57,Sedang
0.07,44.38,17.16,23.56,18.47,28.67,54,Sedang
0.08,44.48,16.21,28.72,21.49,29.52,58,Sedang
0.1,41.61,17.92,22.05,15.83,28.79,50,Baik
0.1,33.25,9.83,27.17,20.16,30.46,56,Sedang
0.09,31.11,7.76,25.86,19.16,30.86,55,Sedang
0.08,32.45,7.75,18.89,13.41,30.42,43,Baik
0.04,29.91,7.74,17.13,12.69,29.47,41,Baik
0.08,36.61,7.76,26.08,19.28,29.42,55,Sedang
0.09,37.26,7.72,28.26,20.61,29.59,56,Sedang
0.04,30.65,7.74,17.39,13.26,28.84,43,Baik
0.08,29.86,71.61,24.82,19.25,29.28,55,Sedang
0.07,31.95,102.2,17.7,12.95,30.5,43,Baik
0.09,30.71,37.21,22.39,15.41,32.72,50,Baik
0.09,37.36,45.12,17.46,12.43,31.1,40,Baik
0.08,39.04,50.78,16.95,12.64,29.97,41,Baik
0.07,41.14,63.06,20.61,15.17,27.84,49,Baik
0.07,33.61,59.19,21.64,15.73,28.61,50,Baik
0.14,46.6,59.3,37.2,27.42,28.17,65,Sedang
0.15,45.33,48.68,38.79,27.99,30.4,66,Sedang
0.04,31.31,51.02,15.42,10.81,29.01,35,Baik
0.06,28.43,44.49,21.06,15.44,30.52,50,Baik
0.07,29.91,44.96,22.74,16.59,30.2,51,Sedang
0.08,41.7,50.58,25.88,18.46,28.85,54,Sedang
0.07,38.61,49.78,20.05,14.86,29.08,48,Baik
0.09,37.31,52.6,27.01,20.25,29.03,56,Sedang
0.08,42.71,60.42,29.01,21.99,26.95,58,Sedang
0.08,41.42,53.13,25.23,18.37,28.02,54,Sedang
0.07,37.02,52.61,20.63,15.16,28.19,49,Baik
0.09,41.77,45.48,24.52,17.66,29.15,53,Sedang
0.15,42.67,44.9,39.03,27.84,30.77,65,Sedang
0.11,41.76,44.11,29.92,21.37,29.84,57,Sedang
0.08,37.56,41.94,20.8,15.1,30.17,49,Baik
0.11,39.85,47.76,31.3,23.3,31.99,60,Sedang
0.11,36.64,49.37,35.6,26.2,32.19,63,Sedang
0.07,33.89,39.64,23.14,16.52,32.29,51,Sedang
0.05,31.03,37.44,16.44,11.43,32.47,37,Baik
0.05,29.95,38.69,16.85,11.94,31.91,39,Baik
0.05,29.44,40.06,15.02,10.92,31.3,35,Baik
0.07,33.86,37.64,21.42,16.13,31.73,51,Sedang
0.07,35.46,37.78,20.07,15.29,30.17,49,Baik
0.07,32.58,30.82,20.64,15.37,31.28,50,Baik
0.04,29.8,40.99,14.5,10.76,29.77,35,Baik
0.06,31.5,43.05,33.08,26.68,29.4,64,Sedang
0.06,31.77,51.6,24.0,18.04,27.8,53,Sedang
0.07,45.59,64.31,25.24,19.51,25.7,55,Sedang
0.07,45.59,60.62,21.63,16.29,25.73,51,Sedang
0.12,44.47,55.55,34.86,25.91,28.2,63,Sedang
0.11,36.29,36.63,31.7,23.53,31.82,60,Sedang
0.07,37.52,47.07,23.74,17.95,29.04,53,Sedang
0.06,40.07,48.56,21.03,15.42,28.4,50,Baik
0.06,40.83,57.21,19.27,13.68,26.74,44,Baik
0.07,45.5,65.26,19.68,14.07,25.14,45,Baik
0.06,38.45,62.51,19.05,14.67,25.35,47,Baik
0.09,39.83,55.9,23.78,16.98,27.24,55,Sedang
0.07,34.35,53.5,20.05,14.6,27.29,47,Baik
0.06,36.47,49.79,18.28,13.0,28.19,42,Baik
